<?xml version = '1.0' encoding = 'UTF-8'?>
<Table class="oracle.dbtools.crest.model.design.relational.Table" directorySegmentName="seg_0" id="3C550902-6E71-6C28-53CB-3D37C6B4CF8E" name="TURNO">
<createdBy>Carlos</createdBy>
<createdTime>2024-10-04 18:03:25 UTC</createdTime>
<generatorID>A397AB6F-B493-B176-50AC-5B6C8045C50A</generatorID>
<ownerDesignName>MinisterioCulturas-2024</ownerDesignName>
<allowColumnReorder>false</allowColumnReorder>
<existDependencyGenerateInDDl>true</existDependencyGenerateInDDl>
<parsed>true</parsed>
<columns itemClass="oracle.dbtools.crest.model.design.relational.Column">
<Column name="id_turno" id="CEB50892-6000-41CA-80E6-A82CB23A416B">
<createdBy>Carlos</createdBy>
<createdTime>2024-10-04 18:03:25 UTC</createdTime>
<generatorID>56BA9E11-CEC0-1279-D2DA-1095B7AE6066</generatorID>
<ownerDesignName>MinisterioCulturas-2024</ownerDesignName>
<useDomainConstraints>false</useDomainConstraints>
<use>1</use>
<logicalDatatype>LOGDT019</logicalDatatype>
<ownDataTypeParameters>,,</ownDataTypeParameters>
<autoIncrementCycle>false</autoIncrementCycle>
</Column>
<Column name="horario" id="B3C52FDF-5363-04A1-0221-AC643615B433">
<createdBy>Carlos</createdBy>
<createdTime>2024-10-04 18:03:25 UTC</createdTime>
<generatorID>60E05468-B1E8-33C8-F01D-4B9801C6DCDF</generatorID>
<ownerDesignName>MinisterioCulturas-2024</ownerDesignName>
<useDomainConstraints>false</useDomainConstraints>
<use>1</use>
<logicalDatatype>LOGDT024</logicalDatatype>
<dataTypeSize>100</dataTypeSize>
<ownDataTypeParameters>100,,</ownDataTypeParameters>
<autoIncrementCycle>false</autoIncrementCycle>
</Column>
</columns>
<indexes itemClass="oracle.dbtools.crest.model.design.relational.Index">
<ind_PK_UK id="101CC202-7DB4-2AC3-474D-D4E7DAE5EDA2" name="TURNO_PK">
<createdBy>Carlos</createdBy>
<createdTime>2024-10-04 18:03:25 UTC</createdTime>
<generatorID>43EED9AC-5323-408D-2FBF-9D6FBAA47AEF</generatorID>
<ownerDesignName>MinisterioCulturas-2024</ownerDesignName>
<pk>true</pk>
<indexState>Primary Constraint</indexState>
<isSurrogateKey>false</isSurrogateKey>
<indexColumnUsage>
<colUsage columnID="CEB50892-6000-41CA-80E6-A82CB23A416B"/>
</indexColumnUsage>
</ind_PK_UK>
</indexes>
</Table>