<?xml version = '1.0' encoding = 'UTF-8'?>
<Table class="oracle.dbtools.crest.model.design.relational.Table" directorySegmentName="seg_0" id="54BD6E55-8763-942C-AA7B-C3768AA77E60" name="PROFESOR_TURNO">
<createdBy>Carlos</createdBy>
<createdTime>2024-10-04 18:03:25 UTC</createdTime>
<ownerDesignName>MinisterioCulturas-2024</ownerDesignName>
<ordsAlias>relation_46</ordsAlias>
<allowColumnReorder>false</allowColumnReorder>
<existDependencyGenerateInDDl>true</existDependencyGenerateInDDl>
<parsed>true</parsed>
<columns itemClass="oracle.dbtools.crest.model.design.relational.Column">
<Column name="PROFESOR_PROFESOR_ID" id="28412EC1-7678-7799-3974-FA5776420EDF">
<createdBy>Carlos</createdBy>
<createdTime>2024-10-04 18:03:25 UTC</createdTime>
<ownerDesignName>MinisterioCulturas-2024</ownerDesignName>
<useDomainConstraints>false</useDomainConstraints>
<use>1</use>
<logicalDatatype>LOGDT019</logicalDatatype>
<ownDataTypeParameters>,,</ownDataTypeParameters>
<previousColumn>false</previousColumn>
<autoIncrementCycle>false</autoIncrementCycle>
<associations>
<colAssociation fkAssociation="043A2490-B0CE-D32C-9BF6-4326DAAA08E2" referredColumn="C1E30682-BF64-220F-F95B-F5E69356B6A4"/>
</associations>
</Column>
<Column name="TURNO_id_turno" id="11B184D8-8522-63DC-BD68-4CFAEA2390FE">
<createdBy>Carlos</createdBy>
<createdTime>2024-10-04 18:03:25 UTC</createdTime>
<ownerDesignName>MinisterioCulturas-2024</ownerDesignName>
<useDomainConstraints>false</useDomainConstraints>
<use>1</use>
<logicalDatatype>LOGDT019</logicalDatatype>
<ownDataTypeParameters>,,</ownDataTypeParameters>
<previousColumn>false</previousColumn>
<autoIncrementCycle>false</autoIncrementCycle>
<associations>
<colAssociation fkAssociation="FEEE53CB-1F16-B445-A62D-7405672A9027" referredColumn="CEB50892-6000-41CA-80E6-A82CB23A416B"/>
</associations>
</Column>
</columns>
<indexes itemClass="oracle.dbtools.crest.model.design.relational.Index">
<ind_PK_UK id="B0EB4B12-C778-1C57-EB64-AF2030ADD8B9" name="Relation_46_PK">
<createdBy>Carlos</createdBy>
<createdTime>2024-10-04 18:03:25 UTC</createdTime>
<ownerDesignName>MinisterioCulturas-2024</ownerDesignName>
<pk>true</pk>
<indexState>Primary Constraint</indexState>
<isSurrogateKey>false</isSurrogateKey>
<indexColumnUsage>
<colUsage columnID="28412EC1-7678-7799-3974-FA5776420EDF"/>
<colUsage columnID="11B184D8-8522-63DC-BD68-4CFAEA2390FE"/>
</indexColumnUsage>
</ind_PK_UK>
<ind_PK_UK id="8DB3D4FD-4E0C-186E-3F68-20770CCCFE75" name="Relation_46_PROFESOR_FK">
<createdBy>Carlos</createdBy>
<createdTime>2024-10-04 18:03:25 UTC</createdTime>
<generatorID>B322DA1F-3B57-4EA3-CD1A-7B70B70B708D</generatorID>
<ownerDesignName>MinisterioCulturas-2024</ownerDesignName>
<indexState>Foreign Key</indexState>
<isSurrogateKey>false</isSurrogateKey>
<indexColumnUsage>
<colUsage columnID="28412EC1-7678-7799-3974-FA5776420EDF"/>
</indexColumnUsage>
</ind_PK_UK>
<ind_PK_UK id="3CCD20C0-0E28-94D4-72D5-E484E076C9FC" name="Relation_46_TURNO_FK">
<createdBy>Carlos</createdBy>
<createdTime>2024-10-04 18:03:25 UTC</createdTime>
<generatorID>B322DA1F-3B57-4EA3-CD1A-7B70B70B708D</generatorID>
<ownerDesignName>MinisterioCulturas-2024</ownerDesignName>
<indexState>Foreign Key</indexState>
<isSurrogateKey>false</isSurrogateKey>
<indexColumnUsage>
<colUsage columnID="11B184D8-8522-63DC-BD68-4CFAEA2390FE"/>
</indexColumnUsage>
</ind_PK_UK>
</indexes>
</Table>