<?xml version = '1.0' encoding = 'UTF-8'?>
<Table class="oracle.dbtools.crest.model.design.relational.Table" directorySegmentName="seg_0" id="5E8D85F8-0AFA-657E-B2BE-81B397336BB3" name="ACADEMIA">
<createdBy>Carlos</createdBy>
<createdTime>2024-10-04 18:03:25 UTC</createdTime>
<generatorID>A6D52B77-5EAE-5C27-DAF8-446207817361</generatorID>
<ownerDesignName>MinisterioCulturas-2024</ownerDesignName>
<allowColumnReorder>false</allowColumnReorder>
<existDependencyGenerateInDDl>true</existDependencyGenerateInDDl>
<parsed>true</parsed>
<columns itemClass="oracle.dbtools.crest.model.design.relational.Column">
<Column name="rut" id="5D5B98E2-99DC-5DE7-B266-9B0F264CA6C5">
<createdBy>Carlos</createdBy>
<createdTime>2024-10-04 18:03:25 UTC</createdTime>
<generatorID>E5D1FEB6-102B-9218-6A97-6EE43A69AC36</generatorID>
<ownerDesignName>MinisterioCulturas-2024</ownerDesignName>
<useDomainConstraints>false</useDomainConstraints>
<use>1</use>
<logicalDatatype>LOGDT019</logicalDatatype>
<ownDataTypeParameters>,,</ownDataTypeParameters>
<autoIncrementCycle>false</autoIncrementCycle>
</Column>
<Column name="nombre" id="3F836112-35E2-3FF5-F62B-71158174AFA3">
<createdBy>Carlos</createdBy>
<createdTime>2024-10-04 18:03:25 UTC</createdTime>
<generatorID>4583CE34-D12B-D095-3755-AFF3D75E5368</generatorID>
<ownerDesignName>MinisterioCulturas-2024</ownerDesignName>
<useDomainConstraints>false</useDomainConstraints>
<use>1</use>
<logicalDatatype>LOGDT024</logicalDatatype>
<dataTypeSize>100</dataTypeSize>
<ownDataTypeParameters>100,,</ownDataTypeParameters>
<autoIncrementCycle>false</autoIncrementCycle>
</Column>
<Column name="tipo_organizacion" id="C1C95D22-907D-BC94-B7CA-3E8010B42242">
<createdBy>Carlos</createdBy>
<createdTime>2024-10-04 18:03:25 UTC</createdTime>
<generatorID>7325080A-9A79-8908-80BC-20654599ED9A</generatorID>
<ownerDesignName>MinisterioCulturas-2024</ownerDesignName>
<useDomainConstraints>false</useDomainConstraints>
<use>1</use>
<logicalDatatype>LOGDT024</logicalDatatype>
<dataTypeSize>100</dataTypeSize>
<ownDataTypeParameters>100,,</ownDataTypeParameters>
<autoIncrementCycle>false</autoIncrementCycle>
</Column>
<Column name="fecha_vencimiento_directorio" id="5855364E-2A1B-2685-3079-C4710C2143AA">
<createdBy>Carlos</createdBy>
<createdTime>2024-10-04 18:03:25 UTC</createdTime>
<generatorID>09FDFD68-100A-7701-1C72-C52C5EBDBA4B</generatorID>
<ownerDesignName>MinisterioCulturas-2024</ownerDesignName>
<useDomainConstraints>false</useDomainConstraints>
<use>1</use>
<logicalDatatype>LOGDT007</logicalDatatype>
<ownDataTypeParameters>,,</ownDataTypeParameters>
<autoIncrementCycle>false</autoIncrementCycle>
</Column>
<Column name="direccion" id="B86914B4-297F-BF10-623A-D310E7D36B32">
<createdBy>Carlos</createdBy>
<createdTime>2024-10-04 18:03:25 UTC</createdTime>
<generatorID>D4CA35BF-004E-2721-2825-C2E6AD1EB56C</generatorID>
<ownerDesignName>MinisterioCulturas-2024</ownerDesignName>
<useDomainConstraints>false</useDomainConstraints>
<use>1</use>
<logicalDatatype>LOGDT024</logicalDatatype>
<dataTypeSize>100</dataTypeSize>
<ownDataTypeParameters>100,,</ownDataTypeParameters>
<autoIncrementCycle>false</autoIncrementCycle>
</Column>
<Column name="unidad_vecinal" id="9D64A164-E529-1910-1BA6-40812C374C2B">
<createdBy>Carlos</createdBy>
<createdTime>2024-10-04 18:03:25 UTC</createdTime>
<generatorID>A6BD72A6-66FC-3716-6FD7-F728DCFCB2F5</generatorID>
<ownerDesignName>MinisterioCulturas-2024</ownerDesignName>
<useDomainConstraints>false</useDomainConstraints>
<use>1</use>
<logicalDatatype>LOGDT024</logicalDatatype>
<dataTypeSize>100</dataTypeSize>
<ownDataTypeParameters>100,,</ownDataTypeParameters>
<autoIncrementCycle>false</autoIncrementCycle>
</Column>
<Column name="telefono" id="37641FAB-2188-3701-495C-24E485458958">
<createdBy>Carlos</createdBy>
<createdTime>2024-10-04 18:03:25 UTC</createdTime>
<generatorID>339744A6-8391-95CD-1CDB-4E660178F6F8</generatorID>
<ownerDesignName>MinisterioCulturas-2024</ownerDesignName>
<useDomainConstraints>false</useDomainConstraints>
<use>1</use>
<logicalDatatype>LOGDT019</logicalDatatype>
<ownDataTypeParameters>,,</ownDataTypeParameters>
<autoIncrementCycle>false</autoIncrementCycle>
</Column>
<Column name="email" id="C95E4CC6-2C68-A4F3-3636-551DF8E12851">
<createdBy>Carlos</createdBy>
<createdTime>2024-10-04 18:03:25 UTC</createdTime>
<generatorID>7A71597E-354D-5F7E-C220-D3AE2C2DA1B2</generatorID>
<ownerDesignName>MinisterioCulturas-2024</ownerDesignName>
<useDomainConstraints>false</useDomainConstraints>
<use>1</use>
<logicalDatatype>LOGDT024</logicalDatatype>
<dataTypeSize>100</dataTypeSize>
<ownDataTypeParameters>100,,</ownDataTypeParameters>
<autoIncrementCycle>false</autoIncrementCycle>
</Column>
<Column name="numero_cta_bancaria" id="DD5E4666-663E-AB2E-4F35-0688387F7384">
<createdBy>Carlos</createdBy>
<createdTime>2024-10-04 18:03:25 UTC</createdTime>
<generatorID>1002F627-886F-B68C-FEF0-4ED15B383BAD</generatorID>
<ownerDesignName>MinisterioCulturas-2024</ownerDesignName>
<useDomainConstraints>false</useDomainConstraints>
<use>1</use>
<logicalDatatype>LOGDT019</logicalDatatype>
<ownDataTypeParameters>,,</ownDataTypeParameters>
<autoIncrementCycle>false</autoIncrementCycle>
</Column>
<Column name="tipo_cta_bancaria" id="08C2BB04-1107-2DB7-3716-695071740D72">
<createdBy>Carlos</createdBy>
<createdTime>2024-10-04 18:03:25 UTC</createdTime>
<generatorID>88E3D4EE-CDAA-3E6D-CA2C-ABF2E0F29D30</generatorID>
<ownerDesignName>MinisterioCulturas-2024</ownerDesignName>
<useDomainConstraints>false</useDomainConstraints>
<use>1</use>
<logicalDatatype>LOGDT024</logicalDatatype>
<dataTypeSize>100</dataTypeSize>
<ownDataTypeParameters>100,,</ownDataTypeParameters>
<autoIncrementCycle>false</autoIncrementCycle>
</Column>
<Column name="banco" id="A62E7D2E-0971-2141-9029-91261C32AC0F">
<createdBy>Carlos</createdBy>
<createdTime>2024-10-04 18:03:25 UTC</createdTime>
<generatorID>8CD2A985-A7E4-432D-F48F-E41C6F877A5E</generatorID>
<ownerDesignName>MinisterioCulturas-2024</ownerDesignName>
<useDomainConstraints>false</useDomainConstraints>
<use>1</use>
<logicalDatatype>LOGDT024</logicalDatatype>
<dataTypeSize>100</dataTypeSize>
<ownDataTypeParameters>100,,</ownDataTypeParameters>
<autoIncrementCycle>false</autoIncrementCycle>
</Column>
</columns>
<indexes itemClass="oracle.dbtools.crest.model.design.relational.Index">
<ind_PK_UK id="15D19FFD-C2DE-9503-3A92-B1FCA405F809" name="ACADEMIA_PK">
<createdBy>Carlos</createdBy>
<createdTime>2024-10-04 18:03:25 UTC</createdTime>
<generatorID>1726801F-4604-507A-F7CA-3F7317E871EE</generatorID>
<ownerDesignName>MinisterioCulturas-2024</ownerDesignName>
<pk>true</pk>
<indexState>Primary Constraint</indexState>
<isSurrogateKey>false</isSurrogateKey>
<indexColumnUsage>
<colUsage columnID="5D5B98E2-99DC-5DE7-B266-9B0F264CA6C5"/>
</indexColumnUsage>
</ind_PK_UK>
</indexes>
</Table>