<?xml version = '1.0' encoding = 'UTF-8'?>
<Table class="oracle.dbtools.crest.model.design.relational.Table" directorySegmentName="seg_0" id="616BB035-9AA7-DFB2-483C-25DE1B973F52" name="PROFESOR">
<createdBy>Carlos</createdBy>
<createdTime>2024-10-04 18:03:25 UTC</createdTime>
<generatorID>C8D93E5E-5596-07BC-05A3-911017FF2BD8</generatorID>
<ownerDesignName>MinisterioCulturas-2024</ownerDesignName>
<allowColumnReorder>false</allowColumnReorder>
<existDependencyGenerateInDDl>true</existDependencyGenerateInDDl>
<parsed>true</parsed>
<columns itemClass="oracle.dbtools.crest.model.design.relational.Column">
<Column name="id_profesor" id="C71783BB-D1D4-56B0-278C-02EA2273FE6F">
<createdBy>Carlos</createdBy>
<createdTime>2024-10-04 18:03:25 UTC</createdTime>
<generatorID>821DBE93-EA16-898C-817E-DFB3BC9C2D60</generatorID>
<ownerDesignName>MinisterioCulturas-2024</ownerDesignName>
<useDomainConstraints>false</useDomainConstraints>
<use>1</use>
<logicalDatatype>LOGDT019</logicalDatatype>
<ownDataTypeParameters>,,</ownDataTypeParameters>
<autoIncrementCycle>false</autoIncrementCycle>
</Column>
<Column name="nombre" id="AB5FF9D7-402D-E47D-F299-B0FE110F17FE">
<createdBy>Carlos</createdBy>
<createdTime>2024-10-04 18:03:25 UTC</createdTime>
<generatorID>A8FEC1AF-C2DF-CCEB-F89F-EDE6B77ED1B3</generatorID>
<ownerDesignName>MinisterioCulturas-2024</ownerDesignName>
<useDomainConstraints>false</useDomainConstraints>
<use>1</use>
<logicalDatatype>LOGDT024</logicalDatatype>
<dataTypeSize>100</dataTypeSize>
<ownDataTypeParameters>100,,</ownDataTypeParameters>
<autoIncrementCycle>false</autoIncrementCycle>
</Column>
<Column name="tipo_contrato" id="B84B528D-CB9A-CA10-469E-C6E480540012">
<createdBy>Carlos</createdBy>
<createdTime>2024-10-04 18:03:25 UTC</createdTime>
<generatorID>1DCA003E-BD6B-4821-9484-6F4FEE780BB8</generatorID>
<ownerDesignName>MinisterioCulturas-2024</ownerDesignName>
<useDomainConstraints>false</useDomainConstraints>
<use>1</use>
<logicalDatatype>LOGDT024</logicalDatatype>
<dataTypeSize>100</dataTypeSize>
<ownDataTypeParameters>100,,</ownDataTypeParameters>
<autoIncrementCycle>false</autoIncrementCycle>
</Column>
<Column name="email" id="58F2368F-E0E7-CD2C-1F5E-319DB33E2200">
<createdBy>Carlos</createdBy>
<createdTime>2024-10-04 18:03:25 UTC</createdTime>
<generatorID>4265160F-EB50-651D-F701-8826658598D6</generatorID>
<ownerDesignName>MinisterioCulturas-2024</ownerDesignName>
<useDomainConstraints>false</useDomainConstraints>
<use>1</use>
<logicalDatatype>LOGDT024</logicalDatatype>
<dataTypeSize>100</dataTypeSize>
<ownDataTypeParameters>100,,</ownDataTypeParameters>
<autoIncrementCycle>false</autoIncrementCycle>
</Column>
<Column name="telefono" id="E33913BC-407C-BA99-78A3-94CF1F3611D4">
<createdBy>Carlos</createdBy>
<createdTime>2024-10-04 18:03:25 UTC</createdTime>
<generatorID>4AB21996-CA33-EEB9-6D26-B7CB7026C57B</generatorID>
<ownerDesignName>MinisterioCulturas-2024</ownerDesignName>
<useDomainConstraints>false</useDomainConstraints>
<use>1</use>
<logicalDatatype>LOGDT019</logicalDatatype>
<ownDataTypeParameters>,,</ownDataTypeParameters>
<autoIncrementCycle>false</autoIncrementCycle>
</Column>
<Column name="PROFESOR_ID" id="C1E30682-BF64-220F-F95B-F5E69356B6A4">
<createdBy>Carlos</createdBy>
<createdTime>2024-10-04 18:03:25 UTC</createdTime>
<ownerDesignName>MinisterioCulturas-2024</ownerDesignName>
<useDomainConstraints>false</useDomainConstraints>
<use>1</use>
<logicalDatatype>LOGDT019</logicalDatatype>
<ownDataTypeParameters>,,</ownDataTypeParameters>
<autoIncrementColumn>true</autoIncrementColumn>
<identityColumn>true</identityColumn>
<autoIncrementCycle>false</autoIncrementCycle>
<isSurrogateColumn>true</isSurrogateColumn>
</Column>
</columns>
<indexes itemClass="oracle.dbtools.crest.model.design.relational.Index">
<ind_PK_UK id="86DB6E2F-F12E-0D8C-F9F1-FAED650E604C" name="PROFESOR_PK">
<createdBy>Carlos</createdBy>
<createdTime>2024-10-04 18:03:25 UTC</createdTime>
<ownerDesignName>MinisterioCulturas-2024</ownerDesignName>
<pk>true</pk>
<indexState>Primary Constraint</indexState>
<indexColumnUsage>
<colUsage columnID="C1E30682-BF64-220F-F95B-F5E69356B6A4"/>
</indexColumnUsage>
</ind_PK_UK>
</indexes>
</Table>