<?xml version = '1.0' encoding = 'UTF-8'?>
<Table class="oracle.dbtools.crest.model.design.relational.Table" directorySegmentName="seg_0" id="86226F82-187B-F5E6-9AE5-93066F68A7B8" name="CURSO_TURNO">
<createdBy>Carlos</createdBy>
<createdTime>2024-10-04 18:03:25 UTC</createdTime>
<ownerDesignName>MinisterioCulturas-2024</ownerDesignName>
<ordsAlias>relation_45</ordsAlias>
<allowColumnReorder>false</allowColumnReorder>
<existDependencyGenerateInDDl>true</existDependencyGenerateInDDl>
<parsed>true</parsed>
<columns itemClass="oracle.dbtools.crest.model.design.relational.Column">
<Column name="CURSO_id_curso" id="EAE420EB-D2FD-1060-036E-EF41E84823B6">
<createdBy>Carlos</createdBy>
<createdTime>2024-10-04 18:03:25 UTC</createdTime>
<ownerDesignName>MinisterioCulturas-2024</ownerDesignName>
<useDomainConstraints>false</useDomainConstraints>
<use>1</use>
<logicalDatatype>LOGDT019</logicalDatatype>
<ownDataTypeParameters>,,</ownDataTypeParameters>
<previousColumn>false</previousColumn>
<autoIncrementCycle>false</autoIncrementCycle>
<associations>
<colAssociation fkAssociation="E60748EC-AE20-9E9F-4F9F-B5522C476074" referredColumn="4588927B-B880-D1B2-E850-E08020A8482D"/>
</associations>
</Column>
<Column name="TURNO_id_turno" id="756D2FA4-6BF6-A273-60F4-803D38B4C769">
<createdBy>Carlos</createdBy>
<createdTime>2024-10-04 18:03:25 UTC</createdTime>
<ownerDesignName>MinisterioCulturas-2024</ownerDesignName>
<useDomainConstraints>false</useDomainConstraints>
<use>1</use>
<logicalDatatype>LOGDT019</logicalDatatype>
<ownDataTypeParameters>,,</ownDataTypeParameters>
<previousColumn>false</previousColumn>
<autoIncrementCycle>false</autoIncrementCycle>
<associations>
<colAssociation fkAssociation="CF37D9D3-8FC0-742E-5AD5-D52D45A7C7E2" referredColumn="CEB50892-6000-41CA-80E6-A82CB23A416B"/>
</associations>
</Column>
</columns>
<indexes itemClass="oracle.dbtools.crest.model.design.relational.Index">
<ind_PK_UK id="303107FB-F70A-5E67-D0CF-E81C39B7E463" name="Relation_45_PK">
<createdBy>Carlos</createdBy>
<createdTime>2024-10-04 18:03:25 UTC</createdTime>
<ownerDesignName>MinisterioCulturas-2024</ownerDesignName>
<pk>true</pk>
<indexState>Primary Constraint</indexState>
<isSurrogateKey>false</isSurrogateKey>
<indexColumnUsage>
<colUsage columnID="EAE420EB-D2FD-1060-036E-EF41E84823B6"/>
<colUsage columnID="756D2FA4-6BF6-A273-60F4-803D38B4C769"/>
</indexColumnUsage>
</ind_PK_UK>
<ind_PK_UK id="34F87B67-54D7-AE43-74CA-6F45611EE2C4" name="Relation_45_CURSO_FK">
<createdBy>Carlos</createdBy>
<createdTime>2024-10-04 18:03:25 UTC</createdTime>
<generatorID>01D5077A-3EC5-D646-D73D-D26D7062AFC8</generatorID>
<ownerDesignName>MinisterioCulturas-2024</ownerDesignName>
<indexState>Foreign Key</indexState>
<isSurrogateKey>false</isSurrogateKey>
<indexColumnUsage>
<colUsage columnID="EAE420EB-D2FD-1060-036E-EF41E84823B6"/>
</indexColumnUsage>
</ind_PK_UK>
<ind_PK_UK id="5E1876BB-D67A-7C21-C3AC-32C6D4185B89" name="Relation_45_TURNO_FK">
<createdBy>Carlos</createdBy>
<createdTime>2024-10-04 18:03:25 UTC</createdTime>
<generatorID>01D5077A-3EC5-D646-D73D-D26D7062AFC8</generatorID>
<ownerDesignName>MinisterioCulturas-2024</ownerDesignName>
<indexState>Foreign Key</indexState>
<isSurrogateKey>false</isSurrogateKey>
<indexColumnUsage>
<colUsage columnID="756D2FA4-6BF6-A273-60F4-803D38B4C769"/>
</indexColumnUsage>
</ind_PK_UK>
</indexes>
</Table>