<?xml version = '1.0' encoding = 'UTF-8'?>
<Table class="oracle.dbtools.crest.model.design.relational.Table" directorySegmentName="seg_0" id="E6FB36C4-24DF-7940-4AE6-3D208FFF04F0" name="POSTULACION">
<createdBy>Carlos</createdBy>
<createdTime>2024-10-04 18:03:25 UTC</createdTime>
<generatorID>68B6DF0F-96E6-B436-4DDE-CC912D7C059F</generatorID>
<ownerDesignName>MinisterioCulturas-2024</ownerDesignName>
<allowColumnReorder>false</allowColumnReorder>
<existDependencyGenerateInDDl>true</existDependencyGenerateInDDl>
<parsed>true</parsed>
<columns itemClass="oracle.dbtools.crest.model.design.relational.Column">
<Column name="id_postulacion" id="F8C3C2AD-389B-4C6E-6B2A-10B4C7AB9F1B">
<createdBy>Carlos</createdBy>
<createdTime>2024-10-04 18:03:25 UTC</createdTime>
<generatorID>6333DB83-517A-573E-10D6-CA997A6B7772</generatorID>
<ownerDesignName>MinisterioCulturas-2024</ownerDesignName>
<useDomainConstraints>false</useDomainConstraints>
<use>1</use>
<logicalDatatype>LOGDT019</logicalDatatype>
<ownDataTypeParameters>,,</ownDataTypeParameters>
<autoIncrementColumn>true</autoIncrementColumn>
<identityColumn>true</identityColumn>
<autoIncrementCycle>false</autoIncrementCycle>
</Column>
<Column name="fecha_postulacion" id="2AD27EF4-C8E3-9D70-3475-C68990C6CA26">
<createdBy>Carlos</createdBy>
<createdTime>2024-10-04 18:03:25 UTC</createdTime>
<generatorID>CD0D537A-EE2A-A595-1F66-8F14415A6A99</generatorID>
<ownerDesignName>MinisterioCulturas-2024</ownerDesignName>
<useDomainConstraints>false</useDomainConstraints>
<use>1</use>
<logicalDatatype>LOGDT007</logicalDatatype>
<ownDataTypeParameters>,,</ownDataTypeParameters>
<autoIncrementCycle>false</autoIncrementCycle>
</Column>
<Column name="monto_solicitado" id="7A272528-B15B-5B04-A8B9-5B3C993F0D8F">
<createdBy>Carlos</createdBy>
<createdTime>2024-10-04 18:03:25 UTC</createdTime>
<generatorID>2087B97E-F2F8-41D8-818F-19BF9C59F1D1</generatorID>
<ownerDesignName>MinisterioCulturas-2024</ownerDesignName>
<useDomainConstraints>false</useDomainConstraints>
<use>1</use>
<logicalDatatype>LOGDT019</logicalDatatype>
<ownDataTypeParameters>,,</ownDataTypeParameters>
<autoIncrementCycle>false</autoIncrementCycle>
</Column>
<Column name="estado" id="677B64C1-A0AA-E978-F6E1-07F54A0032F8">
<createdBy>Carlos</createdBy>
<createdTime>2024-10-04 18:03:25 UTC</createdTime>
<generatorID>4E0E74E9-9B4D-D23D-3FE2-DBE0391376B0</generatorID>
<ownerDesignName>MinisterioCulturas-2024</ownerDesignName>
<useDomainConstraints>false</useDomainConstraints>
<use>1</use>
<logicalDatatype>LOGDT024</logicalDatatype>
<dataTypeSize>100</dataTypeSize>
<ownDataTypeParameters>100,,</ownDataTypeParameters>
<autoIncrementCycle>false</autoIncrementCycle>
</Column>
<Column name="ACADEMIA_rut" id="27275E88-2D55-3B31-625D-CEA56CAD500B">
<createdBy>Carlos</createdBy>
<createdTime>2024-10-04 18:03:25 UTC</createdTime>
<generatorID>2602F16A-7B08-2E2A-4378-85A35C43B831</generatorID>
<ownerDesignName>MinisterioCulturas-2024</ownerDesignName>
<useDomainConstraints>false</useDomainConstraints>
<use>1</use>
<logicalDatatype>LOGDT019</logicalDatatype>
<ownDataTypeParameters>,,</ownDataTypeParameters>
<previousColumn>false</previousColumn>
<autoIncrementCycle>false</autoIncrementCycle>
<associations>
<colAssociation fkAssociation="0C824750-5693-9959-2F4A-0BA53C6CD3D9" referredColumn="5D5B98E2-99DC-5DE7-B266-9B0F264CA6C5"/>
</associations>
</Column>
</columns>
<indexes itemClass="oracle.dbtools.crest.model.design.relational.Index">
<ind_PK_UK id="EC2913B3-5DDD-68F8-682A-35C0FFCF93C8" name="POSTULACION_PK">
<createdBy>Carlos</createdBy>
<createdTime>2024-10-04 18:03:25 UTC</createdTime>
<generatorID>02B7521E-E091-AD76-308B-E5413EEB7050</generatorID>
<ownerDesignName>MinisterioCulturas-2024</ownerDesignName>
<pk>true</pk>
<indexState>Primary Constraint</indexState>
<isSurrogateKey>false</isSurrogateKey>
<indexColumnUsage>
<colUsage columnID="F8C3C2AD-389B-4C6E-6B2A-10B4C7AB9F1B"/>
</indexColumnUsage>
</ind_PK_UK>
<ind_PK_UK id="5872289D-95F6-A3AB-5BE7-B04FB8025F20" name="POSTULACION_ACADEMIA_FK">
<createdBy>Carlos</createdBy>
<createdTime>2024-10-04 18:03:25 UTC</createdTime>
<generatorID>9F6F6669-4599-E2A7-3E75-44C4234798D9</generatorID>
<ownerDesignName>MinisterioCulturas-2024</ownerDesignName>
<indexState>Foreign Key</indexState>
<isSurrogateKey>false</isSurrogateKey>
<indexColumnUsage>
<colUsage columnID="27275E88-2D55-3B31-625D-CEA56CAD500B"/>
</indexColumnUsage>
</ind_PK_UK>
</indexes>
</Table>