<?xml version = '1.0' encoding = 'UTF-8'?>
<Table class="oracle.dbtools.crest.model.design.relational.Table" directorySegmentName="seg_0" id="F6509EB9-2001-A1EB-2BDD-D2BB2C66F828" name="CURSO">
<createdBy>Carlos</createdBy>
<createdTime>2024-10-04 18:03:25 UTC</createdTime>
<generatorID>8D06ECE7-F27C-6BC8-1584-7010C3AF6A75</generatorID>
<ownerDesignName>MinisterioCulturas-2024</ownerDesignName>
<allowColumnReorder>false</allowColumnReorder>
<existDependencyGenerateInDDl>true</existDependencyGenerateInDDl>
<parsed>true</parsed>
<columns itemClass="oracle.dbtools.crest.model.design.relational.Column">
<Column name="id_curso" id="4588927B-B880-D1B2-E850-E08020A8482D">
<createdBy>Carlos</createdBy>
<createdTime>2024-10-04 18:03:25 UTC</createdTime>
<generatorID>4E3BFAB9-D0DD-96F6-478F-808C43612C8F</generatorID>
<ownerDesignName>MinisterioCulturas-2024</ownerDesignName>
<useDomainConstraints>false</useDomainConstraints>
<use>1</use>
<logicalDatatype>LOGDT019</logicalDatatype>
<ownDataTypeParameters>,,</ownDataTypeParameters>
<autoIncrementColumn>true</autoIncrementColumn>
<identityColumn>true</identityColumn>
<autoIncrementCycle>false</autoIncrementCycle>
</Column>
<Column name="nombre" id="A530AD13-C3D4-261A-CB48-B5DC277DA8FA">
<createdBy>Carlos</createdBy>
<createdTime>2024-10-04 18:03:25 UTC</createdTime>
<generatorID>62762EE5-327B-9B31-BFC1-0AA2EEDF3066</generatorID>
<ownerDesignName>MinisterioCulturas-2024</ownerDesignName>
<useDomainConstraints>false</useDomainConstraints>
<use>1</use>
<logicalDatatype>LOGDT024</logicalDatatype>
<dataTypeSize>100</dataTypeSize>
<ownDataTypeParameters>100,,</ownDataTypeParameters>
<autoIncrementCycle>false</autoIncrementCycle>
</Column>
<Column name="turno" id="94300F4A-C68F-BF18-C510-C3DF6024AE1A">
<createdBy>Carlos</createdBy>
<createdTime>2024-10-04 18:03:25 UTC</createdTime>
<generatorID>E31B5895-97BB-8E7A-A9F3-B6B85ECCFE31</generatorID>
<ownerDesignName>MinisterioCulturas-2024</ownerDesignName>
<useDomainConstraints>false</useDomainConstraints>
<use>1</use>
<logicalDatatype>LOGDT024</logicalDatatype>
<dataTypeSize>100</dataTypeSize>
<ownDataTypeParameters>100,,</ownDataTypeParameters>
<autoIncrementCycle>false</autoIncrementCycle>
</Column>
<Column name="ACADEMIA_rut" id="A5790F1F-A2A3-E0BB-2B92-6D261F1BC1E1">
<createdBy>Carlos</createdBy>
<createdTime>2024-10-04 18:03:25 UTC</createdTime>
<generatorID>AC320D91-83E5-45C2-4571-953D48059D9B</generatorID>
<ownerDesignName>MinisterioCulturas-2024</ownerDesignName>
<useDomainConstraints>false</useDomainConstraints>
<use>1</use>
<logicalDatatype>LOGDT019</logicalDatatype>
<ownDataTypeParameters>,,</ownDataTypeParameters>
<previousColumn>false</previousColumn>
<autoIncrementCycle>false</autoIncrementCycle>
<associations>
<colAssociation fkAssociation="55D9E11C-3F03-7437-C2DB-B644347057B2" referredColumn="5D5B98E2-99DC-5DE7-B266-9B0F264CA6C5"/>
</associations>
</Column>
</columns>
<indexes itemClass="oracle.dbtools.crest.model.design.relational.Index">
<ind_PK_UK id="C870C1DD-7480-2A13-0264-9C76DCBC4215" name="CURSO_PK">
<createdBy>Carlos</createdBy>
<createdTime>2024-10-04 18:03:25 UTC</createdTime>
<generatorID>DB1C8986-5983-F5FF-08B9-02CCAD556624</generatorID>
<ownerDesignName>MinisterioCulturas-2024</ownerDesignName>
<pk>true</pk>
<indexState>Primary Constraint</indexState>
<isSurrogateKey>false</isSurrogateKey>
<indexColumnUsage>
<colUsage columnID="4588927B-B880-D1B2-E850-E08020A8482D"/>
</indexColumnUsage>
</ind_PK_UK>
<ind_PK_UK id="1923E816-0B40-ACBB-5CFF-CE9C655237C0" name="CURSO_ACADEMIA_FK">
<createdBy>Carlos</createdBy>
<createdTime>2024-10-04 18:03:25 UTC</createdTime>
<generatorID>E3A4FBB8-99DF-A4EF-6FA0-E4E4AE7EE448</generatorID>
<ownerDesignName>MinisterioCulturas-2024</ownerDesignName>
<indexState>Foreign Key</indexState>
<isSurrogateKey>false</isSurrogateKey>
<indexColumnUsage>
<colUsage columnID="A5790F1F-A2A3-E0BB-2B92-6D261F1BC1E1"/>
</indexColumnUsage>
</ind_PK_UK>
</indexes>
</Table>