<?xml version = '1.0' encoding = 'UTF-8'?>
<Entity class="oracle.dbtools.crest.model.design.logical.Entity" directorySegmentName="seg_0" id="68B6DF0F-96E6-B436-4DDE-CC912D7C059F" name="POSTULACION">
<createdBy>Carlos</createdBy>
<createdTime>2024-10-04 17:34:58 UTC</createdTime>
<ownerDesignName>MinisterioCulturas-2024</ownerDesignName>
<engineerTo>
<item key="B8828092-753D-7DB4-FF7F-CD6F72E3B118" value="true"/>
</engineerTo>
<adequatelyNormalized>NO</adequatelyNormalized>
<expectedVolumes>0</expectedVolumes>
<fwdEngineeringStrategyName>Single Table</fwdEngineeringStrategyName>
<growthPercent>0</growthPercent>
<growthType>Year</growthType>
<maxVolumes>9999999</maxVolumes>
<minVolumes>0</minVolumes>
<normalForm>Third</normalForm>
<attributes itemClass="oracle.dbtools.crest.model.design.logical.Attribute">
<Attribute name="id_postulacion" id="6333DB83-517A-573E-10D6-CA997A6B7772">
<createdBy>Carlos</createdBy>
<createdTime>2024-10-04 17:42:36 UTC</createdTime>
<ownerDesignName>MinisterioCulturas-2024</ownerDesignName>
<engineerTo>
<item key="B8828092-753D-7DB4-FF7F-CD6F72E3B118" value="true"/>
</engineerTo>
<useDomainConstraints>false</useDomainConstraints>
<use>1</use>
<logicalDatatype>LOGDT019</logicalDatatype>
<ownDataTypeParameters>,,</ownDataTypeParameters>
</Attribute>
<Attribute name="fecha_postulacion" id="CD0D537A-EE2A-A595-1F66-8F14415A6A99">
<createdBy>Carlos</createdBy>
<createdTime>2024-10-04 17:42:37 UTC</createdTime>
<ownerDesignName>MinisterioCulturas-2024</ownerDesignName>
<engineerTo>
<item key="B8828092-753D-7DB4-FF7F-CD6F72E3B118" value="true"/>
</engineerTo>
<useDomainConstraints>false</useDomainConstraints>
<use>1</use>
<logicalDatatype>LOGDT007</logicalDatatype>
<ownDataTypeParameters>,,</ownDataTypeParameters>
</Attribute>
<Attribute name="monto_solicitado" id="2087B97E-F2F8-41D8-818F-19BF9C59F1D1">
<createdBy>Carlos</createdBy>
<createdTime>2024-10-04 17:42:37 UTC</createdTime>
<ownerDesignName>MinisterioCulturas-2024</ownerDesignName>
<engineerTo>
<item key="B8828092-753D-7DB4-FF7F-CD6F72E3B118" value="true"/>
</engineerTo>
<useDomainConstraints>false</useDomainConstraints>
<use>1</use>
<logicalDatatype>LOGDT019</logicalDatatype>
<ownDataTypeParameters>,,</ownDataTypeParameters>
</Attribute>
<Attribute name="estado" id="4E0E74E9-9B4D-D23D-3FE2-DBE0391376B0">
<createdBy>Carlos</createdBy>
<createdTime>2024-10-04 17:42:38 UTC</createdTime>
<ownerDesignName>MinisterioCulturas-2024</ownerDesignName>
<engineerTo>
<item key="B8828092-753D-7DB4-FF7F-CD6F72E3B118" value="true"/>
</engineerTo>
<useDomainConstraints>false</useDomainConstraints>
<use>1</use>
<logicalDatatype>LOGDT024</logicalDatatype>
<dataTypeSize>100</dataTypeSize>
<ownDataTypeParameters>100,,</ownDataTypeParameters>
</Attribute>
<Attribute name="rut" id="2602F16A-7B08-2E2A-4378-85A35C43B831">
<createdBy>Carlos</createdBy>
<createdTime>2024-10-04 17:54:26 UTC</createdTime>
<generatorID>9F6F6669-4599-E2A7-3E75-44C4234798D9</generatorID>
<ownerDesignName>MinisterioCulturas-2024</ownerDesignName>
<engineerTo>
<item key="B8828092-753D-7DB4-FF7F-CD6F72E3B118" value="true"/>
</engineerTo>
<referedAttribute>E5D1FEB6-102B-9218-6A97-6EE43A69AC36</referedAttribute>
<useDomainConstraints>false</useDomainConstraints>
<use>1</use>
<logicalDatatype>LOGDT019</logicalDatatype>
<ownDataTypeParameters>,,</ownDataTypeParameters>
</Attribute>
</attributes>
<identifiers itemClass="oracle.dbtools.crest.model.design.logical.CandidateKey">
<identifier id="02B7521E-E091-AD76-308B-E5413EEB7050" name="POSTULACION PK">
<createdBy>Carlos</createdBy>
<createdTime>2024-10-04 17:42:48 UTC</createdTime>
<ownerDesignName>MinisterioCulturas-2024</ownerDesignName>
<engineerTo>
<item key="B8828092-753D-7DB4-FF7F-CD6F72E3B118" value="true"/>
</engineerTo>
<pk>true</pk>
<usedAttributes>
<attributeRef>6333DB83-517A-573E-10D6-CA997A6B7772</attributeRef>
</usedAttributes>
</identifier>
</identifiers>
</Entity>