<?xml version = '1.0' encoding = 'UTF-8'?>
<Entity class="oracle.dbtools.crest.model.design.logical.Entity" directorySegmentName="seg_0" id="8D06ECE7-F27C-6BC8-1584-7010C3AF6A75" name="CURSO">
<createdBy>Carlos</createdBy>
<createdTime>2024-10-04 17:41:29 UTC</createdTime>
<ownerDesignName>MinisterioCulturas-2024</ownerDesignName>
<engineerTo>
<item key="B8828092-753D-7DB4-FF7F-CD6F72E3B118" value="true"/>
</engineerTo>
<adequatelyNormalized>NO</adequatelyNormalized>
<expectedVolumes>0</expectedVolumes>
<fwdEngineeringStrategyName>Single Table</fwdEngineeringStrategyName>
<growthPercent>0</growthPercent>
<growthType>Year</growthType>
<maxVolumes>9999999</maxVolumes>
<minVolumes>0</minVolumes>
<normalForm>Third</normalForm>
<attributes itemClass="oracle.dbtools.crest.model.design.logical.Attribute">
<Attribute name="id_curso" id="4E3BFAB9-D0DD-96F6-478F-808C43612C8F">
<createdBy>Carlos</createdBy>
<createdTime>2024-10-04 17:41:38 UTC</createdTime>
<ownerDesignName>MinisterioCulturas-2024</ownerDesignName>
<engineerTo>
<item key="B8828092-753D-7DB4-FF7F-CD6F72E3B118" value="true"/>
</engineerTo>
<useDomainConstraints>false</useDomainConstraints>
<use>1</use>
<logicalDatatype>LOGDT019</logicalDatatype>
<ownDataTypeParameters>,,</ownDataTypeParameters>
</Attribute>
<Attribute name="nombre" id="62762EE5-327B-9B31-BFC1-0AA2EEDF3066">
<createdBy>Carlos</createdBy>
<createdTime>2024-10-04 17:41:38 UTC</createdTime>
<ownerDesignName>MinisterioCulturas-2024</ownerDesignName>
<engineerTo>
<item key="B8828092-753D-7DB4-FF7F-CD6F72E3B118" value="true"/>
</engineerTo>
<useDomainConstraints>false</useDomainConstraints>
<use>1</use>
<logicalDatatype>LOGDT024</logicalDatatype>
<dataTypeSize>100</dataTypeSize>
<ownDataTypeParameters>100,,</ownDataTypeParameters>
</Attribute>
<Attribute name="turno" id="E31B5895-97BB-8E7A-A9F3-B6B85ECCFE31">
<createdBy>Carlos</createdBy>
<createdTime>2024-10-04 17:41:39 UTC</createdTime>
<ownerDesignName>MinisterioCulturas-2024</ownerDesignName>
<engineerTo>
<item key="B8828092-753D-7DB4-FF7F-CD6F72E3B118" value="true"/>
</engineerTo>
<useDomainConstraints>false</useDomainConstraints>
<use>1</use>
<logicalDatatype>LOGDT024</logicalDatatype>
<dataTypeSize>100</dataTypeSize>
<ownDataTypeParameters>100,,</ownDataTypeParameters>
</Attribute>
<Attribute name="rut" id="AC320D91-83E5-45C2-4571-953D48059D9B">
<createdBy>Carlos</createdBy>
<createdTime>2024-10-04 17:52:44 UTC</createdTime>
<generatorID>E3A4FBB8-99DF-A4EF-6FA0-E4E4AE7EE448</generatorID>
<ownerDesignName>MinisterioCulturas-2024</ownerDesignName>
<engineerTo>
<item key="B8828092-753D-7DB4-FF7F-CD6F72E3B118" value="true"/>
</engineerTo>
<referedAttribute>E5D1FEB6-102B-9218-6A97-6EE43A69AC36</referedAttribute>
<useDomainConstraints>false</useDomainConstraints>
<use>1</use>
<logicalDatatype>LOGDT019</logicalDatatype>
<ownDataTypeParameters>,,</ownDataTypeParameters>
</Attribute>
</attributes>
<identifiers itemClass="oracle.dbtools.crest.model.design.logical.CandidateKey">
<identifier id="DB1C8986-5983-F5FF-08B9-02CCAD556624" name="CURSO PK">
<createdBy>Carlos</createdBy>
<createdTime>2024-10-04 17:41:47 UTC</createdTime>
<ownerDesignName>MinisterioCulturas-2024</ownerDesignName>
<engineerTo>
<item key="B8828092-753D-7DB4-FF7F-CD6F72E3B118" value="true"/>
</engineerTo>
<pk>true</pk>
<usedAttributes>
<attributeRef>4E3BFAB9-D0DD-96F6-478F-808C43612C8F</attributeRef>
</usedAttributes>
</identifier>
</identifiers>
</Entity>