<?xml version = '1.0' encoding = 'UTF-8'?>
<Entity class="oracle.dbtools.crest.model.design.logical.Entity" directorySegmentName="seg_0" id="A397AB6F-B493-B176-50AC-5B6C8045C50A" name="TURNO">
<createdBy>Carlos</createdBy>
<createdTime>2024-10-04 17:35:05 UTC</createdTime>
<ownerDesignName>MinisterioCulturas-2024</ownerDesignName>
<engineerTo>
<item key="B8828092-753D-7DB4-FF7F-CD6F72E3B118" value="true"/>
</engineerTo>
<adequatelyNormalized>NO</adequatelyNormalized>
<expectedVolumes>0</expectedVolumes>
<fwdEngineeringStrategyName>Single Table</fwdEngineeringStrategyName>
<growthPercent>0</growthPercent>
<growthType>Year</growthType>
<maxVolumes>9999999</maxVolumes>
<minVolumes>0</minVolumes>
<normalForm>Third</normalForm>
<attributes itemClass="oracle.dbtools.crest.model.design.logical.Attribute">
<Attribute name="id_turno" id="56BA9E11-CEC0-1279-D2DA-1095B7AE6066">
<createdBy>Carlos</createdBy>
<createdTime>2024-10-04 17:35:28 UTC</createdTime>
<ownerDesignName>MinisterioCulturas-2024</ownerDesignName>
<engineerTo>
<item key="B8828092-753D-7DB4-FF7F-CD6F72E3B118" value="true"/>
</engineerTo>
<useDomainConstraints>false</useDomainConstraints>
<use>1</use>
<logicalDatatype>LOGDT019</logicalDatatype>
<ownDataTypeParameters>,,</ownDataTypeParameters>
</Attribute>
<Attribute name="horario" id="60E05468-B1E8-33C8-F01D-4B9801C6DCDF">
<createdBy>Carlos</createdBy>
<createdTime>2024-10-04 17:35:28 UTC</createdTime>
<ownerDesignName>MinisterioCulturas-2024</ownerDesignName>
<engineerTo>
<item key="B8828092-753D-7DB4-FF7F-CD6F72E3B118" value="true"/>
</engineerTo>
<useDomainConstraints>false</useDomainConstraints>
<use>1</use>
<logicalDatatype>LOGDT024</logicalDatatype>
<dataTypeSize>100</dataTypeSize>
<ownDataTypeParameters>100,,</ownDataTypeParameters>
</Attribute>
</attributes>
<identifiers itemClass="oracle.dbtools.crest.model.design.logical.CandidateKey">
<identifier id="43EED9AC-5323-408D-2FBF-9D6FBAA47AEF" name="TURNO PK">
<createdBy>Carlos</createdBy>
<createdTime>2024-10-04 17:35:39 UTC</createdTime>
<ownerDesignName>MinisterioCulturas-2024</ownerDesignName>
<engineerTo>
<item key="B8828092-753D-7DB4-FF7F-CD6F72E3B118" value="true"/>
</engineerTo>
<pk>true</pk>
<usedAttributes>
<attributeRef>56BA9E11-CEC0-1279-D2DA-1095B7AE6066</attributeRef>
</usedAttributes>
</identifier>
</identifiers>
</Entity>