<?xml version = '1.0' encoding = 'UTF-8'?>
<Entity class="oracle.dbtools.crest.model.design.logical.Entity" directorySegmentName="seg_0" id="C8D93E5E-5596-07BC-05A3-911017FF2BD8" name="PROFESOR">
<createdBy>Carlos</createdBy>
<createdTime>2024-10-04 17:34:51 UTC</createdTime>
<ownerDesignName>MinisterioCulturas-2024</ownerDesignName>
<engineerTo>
<item key="B8828092-753D-7DB4-FF7F-CD6F72E3B118" value="true"/>
</engineerTo>
<adequatelyNormalized>NO</adequatelyNormalized>
<expectedVolumes>0</expectedVolumes>
<fwdEngineeringStrategyName>Single Table</fwdEngineeringStrategyName>
<growthPercent>0</growthPercent>
<growthType>Year</growthType>
<maxVolumes>9999999</maxVolumes>
<minVolumes>0</minVolumes>
<normalForm>Third</normalForm>
<attributes itemClass="oracle.dbtools.crest.model.design.logical.Attribute">
<Attribute name="id_profesor" id="821DBE93-EA16-898C-817E-DFB3BC9C2D60">
<createdBy>Carlos</createdBy>
<createdTime>2024-10-04 17:40:06 UTC</createdTime>
<ownerDesignName>MinisterioCulturas-2024</ownerDesignName>
<engineerTo>
<item key="B8828092-753D-7DB4-FF7F-CD6F72E3B118" value="true"/>
</engineerTo>
<useDomainConstraints>false</useDomainConstraints>
<use>1</use>
<logicalDatatype>LOGDT019</logicalDatatype>
<ownDataTypeParameters>,,</ownDataTypeParameters>
</Attribute>
<Attribute name="nombre" id="A8FEC1AF-C2DF-CCEB-F89F-EDE6B77ED1B3">
<createdBy>Carlos</createdBy>
<createdTime>2024-10-04 17:40:06 UTC</createdTime>
<ownerDesignName>MinisterioCulturas-2024</ownerDesignName>
<engineerTo>
<item key="B8828092-753D-7DB4-FF7F-CD6F72E3B118" value="true"/>
</engineerTo>
<useDomainConstraints>false</useDomainConstraints>
<use>1</use>
<logicalDatatype>LOGDT024</logicalDatatype>
<dataTypeSize>100</dataTypeSize>
<ownDataTypeParameters>100,,</ownDataTypeParameters>
</Attribute>
<Attribute name="tipo_contrato" id="1DCA003E-BD6B-4821-9484-6F4FEE780BB8">
<createdBy>Carlos</createdBy>
<createdTime>2024-10-04 17:40:06 UTC</createdTime>
<ownerDesignName>MinisterioCulturas-2024</ownerDesignName>
<engineerTo>
<item key="B8828092-753D-7DB4-FF7F-CD6F72E3B118" value="true"/>
</engineerTo>
<useDomainConstraints>false</useDomainConstraints>
<use>1</use>
<logicalDatatype>LOGDT024</logicalDatatype>
<dataTypeSize>100</dataTypeSize>
<ownDataTypeParameters>100,,</ownDataTypeParameters>
</Attribute>
<Attribute name="email" id="4265160F-EB50-651D-F701-8826658598D6">
<createdBy>Carlos</createdBy>
<createdTime>2024-10-04 17:40:07 UTC</createdTime>
<ownerDesignName>MinisterioCulturas-2024</ownerDesignName>
<engineerTo>
<item key="B8828092-753D-7DB4-FF7F-CD6F72E3B118" value="true"/>
</engineerTo>
<useDomainConstraints>false</useDomainConstraints>
<use>1</use>
<logicalDatatype>LOGDT024</logicalDatatype>
<dataTypeSize>100</dataTypeSize>
<ownDataTypeParameters>100,,</ownDataTypeParameters>
</Attribute>
<Attribute name="telefono" id="4AB21996-CA33-EEB9-6D26-B7CB7026C57B">
<createdBy>Carlos</createdBy>
<createdTime>2024-10-04 17:40:12 UTC</createdTime>
<ownerDesignName>MinisterioCulturas-2024</ownerDesignName>
<engineerTo>
<item key="B8828092-753D-7DB4-FF7F-CD6F72E3B118" value="true"/>
</engineerTo>
<useDomainConstraints>false</useDomainConstraints>
<use>1</use>
<logicalDatatype>LOGDT019</logicalDatatype>
<ownDataTypeParameters>,,</ownDataTypeParameters>
</Attribute>
</attributes>
</Entity>