<?xml version = '1.0' encoding = 'UTF-8'?>
<Relation class="oracle.dbtools.crest.model.design.logical.Relation" name="Relation_45" directorySegmentName="seg_0" id="01D5077A-3EC5-D646-D73D-D26D7062AFC8">
<createdBy>Carlos</createdBy>
<createdTime>2024-10-04 18:02:20 UTC</createdTime>
<ownerDesignName>MinisterioCulturas-2024</ownerDesignName>
<engineerTo>
<item key="B8828092-753D-7DB4-FF7F-CD6F72E3B118" value="true"/>
</engineerTo>
<identifying>false</identifying>
<optionalSource>false</optionalSource>
<optionalTarget>false</optionalTarget>
<sourceCardinality>*</sourceCardinality>
<sourceEntity>8D06ECE7-F27C-6BC8-1584-7010C3AF6A75</sourceEntity>
<targetCardinalityString>*</targetCardinalityString>
<targetEntity>A397AB6F-B493-B176-50AC-5B6C8045C50A</targetEntity>
<transferable>true</transferable>
<deleteRule>NO ACTION</deleteRule>
</Relation>