<?xml version = '1.0' encoding = 'UTF-8'?>
<Relation class="oracle.dbtools.crest.model.design.logical.Relation" name="Relation_40" directorySegmentName="seg_0" id="9F6F6669-4599-E2A7-3E75-44C4234798D9">
<createdBy>Carlos</createdBy>
<createdTime>2024-10-04 17:54:26 UTC</createdTime>
<ownerDesignName>MinisterioCulturas-2024</ownerDesignName>
<engineerTo>
<item key="B8828092-753D-7DB4-FF7F-CD6F72E3B118" value="true"/>
</engineerTo>
<sourcePk>1726801F-4604-507A-F7CA-3F7317E871EE</sourcePk>
<identifying>false</identifying>
<nameOnSource>puede tener</nameOnSource>
<optionalSource>false</optionalSource>
<optionalTarget>false</optionalTarget>
<sourceCardinality>1</sourceCardinality>
<sourceEntity>A6D52B77-5EAE-5C27-DAF8-446207817361</sourceEntity>
<targetCardinalityString>*</targetCardinalityString>
<targetEntity>68B6DF0F-96E6-B436-4DDE-CC912D7C059F</targetEntity>
<transferable>true</transferable>
<deleteRule>NO ACTION</deleteRule>
</Relation>