<?xml version = '1.0' encoding = 'UTF-8'?>
<Relation class="oracle.dbtools.crest.model.design.logical.Relation" name="Relation_46" directorySegmentName="seg_0" id="B322DA1F-3B57-4EA3-CD1A-7B70B70B708D">
<createdBy>Carlos</createdBy>
<createdTime>2024-10-04 18:02:25 UTC</createdTime>
<ownerDesignName>MinisterioCulturas-2024</ownerDesignName>
<engineerTo>
<item key="B8828092-753D-7DB4-FF7F-CD6F72E3B118" value="true"/>
</engineerTo>
<identifying>false</identifying>
<optionalSource>false</optionalSource>
<optionalTarget>false</optionalTarget>
<sourceCardinality>*</sourceCardinality>
<sourceEntity>C8D93E5E-5596-07BC-05A3-911017FF2BD8</sourceEntity>
<targetCardinalityString>*</targetCardinalityString>
<targetEntity>A397AB6F-B493-B176-50AC-5B6C8045C50A</targetEntity>
<transferable>true</transferable>
<deleteRule>NO ACTION</deleteRule>
</Relation>