<?xml version = '1.0' encoding = 'UTF-8'?>
<Relation class="oracle.dbtools.crest.model.design.logical.Relation" name="Relation_36" directorySegmentName="seg_0" id="E3A4FBB8-99DF-A4EF-6FA0-E4E4AE7EE448">
<createdBy>Carlos</createdBy>
<createdTime>2024-10-04 17:52:44 UTC</createdTime>
<ownerDesignName>MinisterioCulturas-2024</ownerDesignName>
<engineerTo>
<item key="B8828092-753D-7DB4-FF7F-CD6F72E3B118" value="true"/>
</engineerTo>
<sourcePk>1726801F-4604-507A-F7CA-3F7317E871EE</sourcePk>
<identifying>false</identifying>
<nameOnSource>ofrecer</nameOnSource>
<optionalSource>false</optionalSource>
<optionalTarget>false</optionalTarget>
<sourceCardinality>1</sourceCardinality>
<sourceEntity>A6D52B77-5EAE-5C27-DAF8-446207817361</sourceEntity>
<targetCardinalityString>*</targetCardinalityString>
<targetEntity>8D06ECE7-F27C-6BC8-1584-7010C3AF6A75</targetEntity>
<transferable>true</transferable>
<deleteRule>NO ACTION</deleteRule>
</Relation>