<?xml version = '1.0' encoding = 'UTF-8'?>
<FKIndexAssociation class="oracle.dbtools.crest.model.design.relational.FKIndexAssociation" directorySegmentName="seg_0" id="043A2490-B0CE-D32C-9BF6-4326DAAA08E2" containerWithKeyObject="54BD6E55-8763-942C-AA7B-C3768AA77E60" localFKIndex="8DB3D4FD-4E0C-186E-3F68-20770CCCFE75" name="Relation_46_PROFESOR_FK">
<createdBy>Carlos</createdBy>
<createdTime>2024-10-04 18:03:25 UTC</createdTime>
<generatorID>B322DA1F-3B57-4EA3-CD1A-7B70B70B708D</generatorID>
<ownerDesignName>MinisterioCulturas-2024</ownerDesignName>
<referredTableLongName>PROFESOR</referredTableLongName>
<deleteRule>NO ACTION</deleteRule>
<referredTableID>616BB035-9AA7-DFB2-483C-25DE1B973F52</referredTableID>
<keyObject>86DB6E2F-F12E-0D8C-F9F1-FAED650E604C</keyObject>
<referredKeyID>86DB6E2F-F12E-0D8C-F9F1-FAED650E604C</referredKeyID>
<mandatory>true</mandatory>
<refColNames>PROFESOR_ID</refColNames>
<transferable>true</transferable>
<rely>false</rely>
<columnDependencyConstraintGenerateInDDL>true</columnDependencyConstraintGenerateInDDL>
</FKIndexAssociation>