<?xml version = '1.0' encoding = 'UTF-8'?>
<FKIndexAssociation class="oracle.dbtools.crest.model.design.relational.FKIndexAssociation" directorySegmentName="seg_0" id="0C824750-5693-9959-2F4A-0BA53C6CD3D9" containerWithKeyObject="E6FB36C4-24DF-7940-4AE6-3D208FFF04F0" localFKIndex="5872289D-95F6-A3AB-5BE7-B04FB8025F20" name="POSTULACION_ACADEMIA_FK">
<createdBy>Carlos</createdBy>
<createdTime>2024-10-04 18:03:25 UTC</createdTime>
<generatorID>9F6F6669-4599-E2A7-3E75-44C4234798D9</generatorID>
<ownerDesignName>MinisterioCulturas-2024</ownerDesignName>
<referredTableLongName>ACADEMIA</referredTableLongName>
<deleteRule>NO ACTION</deleteRule>
<referredTableID>5E8D85F8-0AFA-657E-B2BE-81B397336BB3</referredTableID>
<keyObject>15D19FFD-C2DE-9503-3A92-B1FCA405F809</keyObject>
<referredKeyID>15D19FFD-C2DE-9503-3A92-B1FCA405F809</referredKeyID>
<mandatory>true</mandatory>
<refColNames>rut</refColNames>
<transferable>true</transferable>
<rely>false</rely>
<columnDependencyConstraintGenerateInDDL>true</columnDependencyConstraintGenerateInDDL>
</FKIndexAssociation>