<?xml version = '1.0' encoding = 'UTF-8'?>
<FKIndexAssociation class="oracle.dbtools.crest.model.design.relational.FKIndexAssociation" directorySegmentName="seg_0" id="55D9E11C-3F03-7437-C2DB-B644347057B2" containerWithKeyObject="F6509EB9-2001-A1EB-2BDD-D2BB2C66F828" localFKIndex="1923E816-0B40-ACBB-5CFF-CE9C655237C0" name="CURSO_ACADEMIA_FK">
<createdBy>Carlos</createdBy>
<createdTime>2024-10-04 18:03:25 UTC</createdTime>
<generatorID>E3A4FBB8-99DF-A4EF-6FA0-E4E4AE7EE448</generatorID>
<ownerDesignName>MinisterioCulturas-2024</ownerDesignName>
<referredTableLongName>ACADEMIA</referredTableLongName>
<deleteRule>NO ACTION</deleteRule>
<referredTableID>5E8D85F8-0AFA-657E-B2BE-81B397336BB3</referredTableID>
<keyObject>15D19FFD-C2DE-9503-3A92-B1FCA405F809</keyObject>
<referredKeyID>15D19FFD-C2DE-9503-3A92-B1FCA405F809</referredKeyID>
<mandatory>true</mandatory>
<refColNames>rut</refColNames>
<transferable>true</transferable>
<rely>false</rely>
<columnDependencyConstraintGenerateInDDL>true</columnDependencyConstraintGenerateInDDL>
</FKIndexAssociation>