<?xml version = '1.0' encoding = 'UTF-8'?>
<FKIndexAssociation class="oracle.dbtools.crest.model.design.relational.FKIndexAssociation" directorySegmentName="seg_0" id="CF37D9D3-8FC0-742E-5AD5-D52D45A7C7E2" containerWithKeyObject="86226F82-187B-F5E6-9AE5-93066F68A7B8" localFKIndex="5E1876BB-D67A-7C21-C3AC-32C6D4185B89" name="Relation_45_TURNO_FK">
<createdBy>Carlos</createdBy>
<createdTime>2024-10-04 18:03:25 UTC</createdTime>
<generatorID>01D5077A-3EC5-D646-D73D-D26D7062AFC8</generatorID>
<ownerDesignName>MinisterioCulturas-2024</ownerDesignName>
<referredTableLongName>TURNO</referredTableLongName>
<deleteRule>NO ACTION</deleteRule>
<referredTableID>3C550902-6E71-6C28-53CB-3D37C6B4CF8E</referredTableID>
<keyObject>101CC202-7DB4-2AC3-474D-D4E7DAE5EDA2</keyObject>
<referredKeyID>101CC202-7DB4-2AC3-474D-D4E7DAE5EDA2</referredKeyID>
<mandatory>true</mandatory>
<refColNames>id_turno</refColNames>
<transferable>true</transferable>
<rely>false</rely>
<columnDependencyConstraintGenerateInDDL>true</columnDependencyConstraintGenerateInDDL>
</FKIndexAssociation>