<?xml version = '1.0' encoding = 'UTF-8'?>
<FKIndexAssociation class="oracle.dbtools.crest.model.design.relational.FKIndexAssociation" directorySegmentName="seg_0" id="E60748EC-AE20-9E9F-4F9F-B5522C476074" containerWithKeyObject="86226F82-187B-F5E6-9AE5-93066F68A7B8" localFKIndex="34F87B67-54D7-AE43-74CA-6F45611EE2C4" name="Relation_45_CURSO_FK">
<createdBy>Carlos</createdBy>
<createdTime>2024-10-04 18:03:25 UTC</createdTime>
<generatorID>01D5077A-3EC5-D646-D73D-D26D7062AFC8</generatorID>
<ownerDesignName>MinisterioCulturas-2024</ownerDesignName>
<referredTableLongName>CURSO</referredTableLongName>
<deleteRule>NO ACTION</deleteRule>
<referredTableID>F6509EB9-2001-A1EB-2BDD-D2BB2C66F828</referredTableID>
<keyObject>C870C1DD-7480-2A13-0264-9C76DCBC4215</keyObject>
<referredKeyID>C870C1DD-7480-2A13-0264-9C76DCBC4215</referredKeyID>
<mandatory>true</mandatory>
<refColNames>id_curso</refColNames>
<transferable>true</transferable>
<rely>false</rely>
<columnDependencyConstraintGenerateInDDL>true</columnDependencyConstraintGenerateInDDL>
</FKIndexAssociation>