<?xml version = '1.0' encoding = 'UTF-8'?>
<FKIndexAssociation class="oracle.dbtools.crest.model.design.relational.FKIndexAssociation" directorySegmentName="seg_0" id="FEEE53CB-1F16-B445-A62D-7405672A9027" containerWithKeyObject="54BD6E55-8763-942C-AA7B-C3768AA77E60" localFKIndex="3CCD20C0-0E28-94D4-72D5-E484E076C9FC" name="Relation_46_TURNO_FK">
<createdBy>Carlos</createdBy>
<createdTime>2024-10-04 18:03:25 UTC</createdTime>
<generatorID>B322DA1F-3B57-4EA3-CD1A-7B70B70B708D</generatorID>
<ownerDesignName>MinisterioCulturas-2024</ownerDesignName>
<referredTableLongName>TURNO</referredTableLongName>
<deleteRule>NO ACTION</deleteRule>
<referredTableID>3C550902-6E71-6C28-53CB-3D37C6B4CF8E</referredTableID>
<keyObject>101CC202-7DB4-2AC3-474D-D4E7DAE5EDA2</keyObject>
<referredKeyID>101CC202-7DB4-2AC3-474D-D4E7DAE5EDA2</referredKeyID>
<mandatory>true</mandatory>
<refColNames>id_turno</refColNames>
<transferable>true</transferable>
<rely>false</rely>
<columnDependencyConstraintGenerateInDDL>true</columnDependencyConstraintGenerateInDDL>
</FKIndexAssociation>