<?xml version = '1.0' encoding = 'UTF-8'?>
<relationalModel class="oracle.dbtools.crest.model.design.relational.RelationalDesign" name="Relational_1" id="B8828092-753D-7DB4-FF7F-CD6F72E3B118" mainViewID="369846F1-FE9B-3680-9B2E-B5F067241AED">
<createdBy>Carlos</createdBy>
<createdTime>2024-10-04 13:09:40 UTC</createdTime>
<ownerDesignName>MinisterioCulturas-2024</ownerDesignName>
<shouldBeOpen>false</shouldBeOpen>
<selectedRDBMSSite>32076570-2523-435C-2E92-BF29817DFF70</selectedRDBMSSite>
</relationalModel>