<?xml version = '1.0' encoding = 'UTF-8'?>
<Diagram class="oracle.dbtools.crest.swingui.logical.DPVLogical" name="Logical" id="E05F7D15-429E-89E4-5C72-BB0D868E2B26">
<createdBy>Carlos</createdBy>
<modifiedBy>Carlos</modifiedBy>
<createdTime>2024-10-04 13:11:27 UTC</createdTime>
<autoRoute>false</autoRoute>
<boxInbox>true</boxInbox>
<showLegend>false</showLegend>
<showLabels>false</showLabels>
<showRelAttributes>false</showRelAttributes>
<gridEnabled>false</gridEnabled>
<showGrid>false</showGrid>
<diagramColor>-1</diagramColor>
<display>false</display>
<notation>1</notation>
<objectViews>
<OView class="oracle.dbtools.crest.swingui.logical.TVEntity" oid="68B6DF0F-96E6-B436-4DDE-CC912D7C059F" otype="Entity" vid="56E5135E-6E81-E76E-6054-478D7CD56F87">
<hideElementsInCurrentOnly>false</hideElementsInCurrentOnly>
<bounds x="223" y="299" width="133" height="88"/>
</OView>
<OView class="oracle.dbtools.crest.swingui.logical.TVEntity" oid="8D06ECE7-F27C-6BC8-1584-7010C3AF6A75" otype="Entity" vid="BF320BE0-D255-C764-32B7-6FA104967138">
<hideElementsInCurrentOnly>false</hideElementsInCurrentOnly>
<bounds x="416" y="47" width="115" height="83"/>
</OView>
<OView class="oracle.dbtools.crest.swingui.logical.TVEntity" oid="A397AB6F-B493-B176-50AC-5B6C8045C50A" otype="Entity" vid="01C74C5E-3F81-854B-BF5C-99C03E78A49C">
<hideElementsInCurrentOnly>false</hideElementsInCurrentOnly>
<bounds x="593" y="74" width="109" height="69"/>
</OView>
<OView class="oracle.dbtools.crest.swingui.logical.TVEntity" oid="A6D52B77-5EAE-5C27-DAF8-446207817361" otype="Entity" vid="8FEF917A-EE53-CFDD-6315-2872E30ACFAC">
<hideElementsInCurrentOnly>false</hideElementsInCurrentOnly>
<bounds x="209" y="48" width="159" height="184"/>
</OView>
<OView class="oracle.dbtools.crest.swingui.logical.TVEntity" oid="C8D93E5E-5596-07BC-05A3-911017FF2BD8" otype="Entity" vid="2D4E4327-2AC1-FC67-62F3-DA25D0177CFA">
<hideElementsInCurrentOnly>false</hideElementsInCurrentOnly>
<bounds x="508" y="271" width="170" height="110"/>
</OView>
</objectViews>
<connectors>
<Connector class="oracle.dbtools.crest.swingui.logical.TVRelation" oid="01D5077A-3EC5-D646-D73D-D26D7062AFC8" otype="Relation" vid_source="BF320BE0-D255-C764-32B7-6FA104967138" vid_target="01C74C5E-3F81-854B-BF5C-99C03E78A49C">
<hideElementsInCurrentOnly>false</hideElementsInCurrentOnly>
<backgroundColor>-16777216</backgroundColor>
<lineWidth>1</lineWidth>
<points>
<point x="531" y="117"/>
<point x="593" y="117"/>
</points>
</Connector>
<Connector class="oracle.dbtools.crest.swingui.logical.TVRelation" oid="9F6F6669-4599-E2A7-3E75-44C4234798D9" otype="Relation" vid_source="8FEF917A-EE53-CFDD-6315-2872E30ACFAC" vid_target="56E5135E-6E81-E76E-6054-478D7CD56F87">
<hideElementsInCurrentOnly>false</hideElementsInCurrentOnly>
<backgroundColor>-16777216</backgroundColor>
<lineWidth>1</lineWidth>
<points>
<point x="289" y="232"/>
<point x="289" y="299"/>
</points>
</Connector>
<Connector class="oracle.dbtools.crest.swingui.logical.TVRelation" oid="B322DA1F-3B57-4EA3-CD1A-7B70B70B708D" otype="Relation" vid_source="2D4E4327-2AC1-FC67-62F3-DA25D0177CFA" vid_target="01C74C5E-3F81-854B-BF5C-99C03E78A49C">
<hideElementsInCurrentOnly>false</hideElementsInCurrentOnly>
<backgroundColor>-16777216</backgroundColor>
<lineWidth>1</lineWidth>
<points>
<point x="620" y="271"/>
<point x="620" y="143"/>
</points>
</Connector>
<Connector class="oracle.dbtools.crest.swingui.logical.TVRelation" oid="E3A4FBB8-99DF-A4EF-6FA0-E4E4AE7EE448" otype="Relation" vid_source="8FEF917A-EE53-CFDD-6315-2872E30ACFAC" vid_target="BF320BE0-D255-C764-32B7-6FA104967138">
<hideElementsInCurrentOnly>false</hideElementsInCurrentOnly>
<backgroundColor>-16777216</backgroundColor>
<lineWidth>1</lineWidth>
<points>
<point x="368" y="89"/>
<point x="416" y="89"/>
</points>
</Connector>
</connectors>
<displays>
<Display class="oracle.dbtools.crest.swingui.logical.DPVLogical" name="Display_1" id="C2719426-6BCC-245E-F5B7-55B075D3E70A">
<createdBy>Carlos</createdBy>
<modifiedBy>Carlos</modifiedBy>
<createdTime>2024-10-04 15:26:00 UTC</createdTime>
<autoRoute>false</autoRoute>
<boxInbox>true</boxInbox>
<showLegend>false</showLegend>
<showLabels>false</showLabels>
<showRelAttributes>false</showRelAttributes>
<gridEnabled>false</gridEnabled>
<showGrid>false</showGrid>
<diagramColor>-1</diagramColor>
<display>true</display>
<notation>1</notation>
<objectViews>
<OView class="oracle.dbtools.crest.swingui.logical.TVEntity" oid="68B6DF0F-96E6-B436-4DDE-CC912D7C059F" otype="Entity" vid="1D9C08AA-1468-AB05-00F1-2179C098F235">
<hideElementsInCurrentOnly>false</hideElementsInCurrentOnly>
<bounds x="350" y="650" width="170" height="110"/>
</OView>
<OView class="oracle.dbtools.crest.swingui.logical.TVEntity" oid="8D06ECE7-F27C-6BC8-1584-7010C3AF6A75" otype="Entity" vid="97B19EFA-5A30-1D48-A32F-9C6C2205C4AF">
<hideElementsInCurrentOnly>false</hideElementsInCurrentOnly>
<bounds x="380" y="710" width="170" height="110"/>
</OView>
<OView class="oracle.dbtools.crest.swingui.logical.TVEntity" oid="A397AB6F-B493-B176-50AC-5B6C8045C50A" otype="Entity" vid="70BDAD63-E4AC-4BF3-618F-A1FFA442276A">
<hideElementsInCurrentOnly>false</hideElementsInCurrentOnly>
<bounds x="360" y="670" width="170" height="110"/>
</OView>
<OView class="oracle.dbtools.crest.swingui.logical.TVEntity" oid="A6D52B77-5EAE-5C27-DAF8-446207817361" otype="Entity" vid="9C6AA119-A4D5-BB22-9DCB-BC08F776E257">
<hideElementsInCurrentOnly>false</hideElementsInCurrentOnly>
<bounds x="330" y="610" width="170" height="110"/>
</OView>
<OView class="oracle.dbtools.crest.swingui.logical.TVEntity" oid="C8D93E5E-5596-07BC-05A3-911017FF2BD8" otype="Entity" vid="717A0FF5-BB02-00A3-023B-6E9DDD545FFB">
<hideElementsInCurrentOnly>false</hideElementsInCurrentOnly>
<bounds x="340" y="630" width="170" height="110"/>
</OView>
</objectViews>
<connectors>
<Connector class="oracle.dbtools.crest.swingui.logical.TVRelation" oid="01D5077A-3EC5-D646-D73D-D26D7062AFC8" otype="Relation" vid_source="97B19EFA-5A30-1D48-A32F-9C6C2205C4AF" vid_target="70BDAD63-E4AC-4BF3-618F-A1FFA442276A">
<hideElementsInCurrentOnly>false</hideElementsInCurrentOnly>
<backgroundColor>-16777216</backgroundColor>
<lineWidth>1</lineWidth>
<points>
<point x="380" y="760"/>
<point x="530" y="760"/>
</points>
</Connector>
<Connector class="oracle.dbtools.crest.swingui.logical.TVRelation" oid="9F6F6669-4599-E2A7-3E75-44C4234798D9" otype="Relation" vid_source="9C6AA119-A4D5-BB22-9DCB-BC08F776E257" vid_target="1D9C08AA-1468-AB05-00F1-2179C098F235">
<hideElementsInCurrentOnly>false</hideElementsInCurrentOnly>
<backgroundColor>-16777216</backgroundColor>
<lineWidth>1</lineWidth>
<points>
<point x="500" y="685"/>
<point x="350" y="685"/>
</points>
</Connector>
<Connector class="oracle.dbtools.crest.swingui.logical.TVRelation" oid="B322DA1F-3B57-4EA3-CD1A-7B70B70B708D" otype="Relation" vid_source="717A0FF5-BB02-00A3-023B-6E9DDD545FFB" vid_target="70BDAD63-E4AC-4BF3-618F-A1FFA442276A">
<hideElementsInCurrentOnly>false</hideElementsInCurrentOnly>
<backgroundColor>-16777216</backgroundColor>
<lineWidth>1</lineWidth>
<points>
<point x="510" y="690"/>
<point x="360" y="690"/>
</points>
</Connector>
<Connector class="oracle.dbtools.crest.swingui.logical.TVRelation" oid="E3A4FBB8-99DF-A4EF-6FA0-E4E4AE7EE448" otype="Relation" vid_source="9C6AA119-A4D5-BB22-9DCB-BC08F776E257" vid_target="97B19EFA-5A30-1D48-A32F-9C6C2205C4AF">
<hideElementsInCurrentOnly>false</hideElementsInCurrentOnly>
<backgroundColor>-16777216</backgroundColor>
<lineWidth>1</lineWidth>
<points>
<point x="500" y="715"/>
<point x="380" y="715"/>
</points>
</Connector>
</connectors>
</Display>
</displays>
</Diagram>