<?xml version = '1.0' encoding = 'UTF-8'?>
<Diagram class="oracle.dbtools.crest.swingui.relational.DPVRelational" name="Relational_1" id="369846F1-FE9B-3680-9B2E-B5F067241AED">
<createdBy>Carlos</createdBy>
<modifiedBy>Carlos</modifiedBy>
<createdTime>2024-10-04 13:11:27 UTC</createdTime>
<autoRoute>false</autoRoute>
<boxInbox>true</boxInbox>
<showLegend>false</showLegend>
<showLabels>false</showLabels>
<showRelAttributes>false</showRelAttributes>
<gridEnabled>false</gridEnabled>
<showGrid>false</showGrid>
<diagramColor>-1</diagramColor>
<display>false</display>
<notation>1</notation>
<objectViews>
<OView class="oracle.dbtools.crest.swingui.relational.TVTable" oid="3C550902-6E71-6C28-53CB-3D37C6B4CF8E" otype="Table" vid="91DDB207-346F-8A15-3338-688B121E5185">
<hideElementsInCurrentOnly>false</hideElementsInCurrentOnly>
<bounds x="863" y="201" width="191" height="89"/>
</OView>
<OView class="oracle.dbtools.crest.swingui.relational.TVTable" oid="54BD6E55-8763-942C-AA7B-C3768AA77E60" otype="Table" vid="53ECCE21-4F1F-1B05-F3E5-8B97721922E4">
<hideElementsInCurrentOnly>false</hideElementsInCurrentOnly>
<bounds x="430" y="204" width="342" height="117"/>
</OView>
<OView class="oracle.dbtools.crest.swingui.relational.TVTable" oid="5E8D85F8-0AFA-657E-B2BE-81B397336BB3" otype="Table" vid="C3543AEF-6D46-EE18-EFDD-573F32236AC8">
<hideElementsInCurrentOnly>false</hideElementsInCurrentOnly>
<bounds x="50" y="25" width="297" height="220"/>
</OView>
<OView class="oracle.dbtools.crest.swingui.relational.TVTable" oid="616BB035-9AA7-DFB2-483C-25DE1B973F52" otype="Table" vid="37B3BB34-979D-4DF8-FA9F-6482B0009537">
<hideElementsInCurrentOnly>false</hideElementsInCurrentOnly>
<bounds x="485" y="373" width="207" height="151"/>
</OView>
<OView class="oracle.dbtools.crest.swingui.relational.TVTable" oid="86226F82-187B-F5E6-9AE5-93066F68A7B8" otype="Table" vid="4242FCA6-31FA-0B4A-CF10-B63B41640428">
<hideElementsInCurrentOnly>false</hideElementsInCurrentOnly>
<bounds x="750" y="22" width="325" height="110"/>
</OView>
<OView class="oracle.dbtools.crest.swingui.relational.TVTable" oid="E6FB36C4-24DF-7940-4AE6-3D208FFF04F0" otype="Table" vid="A8965708-DA7C-8ACD-3380-3FB11E5CAF34">
<hideElementsInCurrentOnly>false</hideElementsInCurrentOnly>
<bounds x="72" y="323" width="273" height="143"/>
</OView>
<OView class="oracle.dbtools.crest.swingui.relational.TVTable" oid="F6509EB9-2001-A1EB-2BDD-D2BB2C66F828" otype="Table" vid="C3266F1F-CA22-362F-0F3C-5A735090CCC7">
<hideElementsInCurrentOnly>false</hideElementsInCurrentOnly>
<bounds x="437" y="17" width="260" height="143"/>
</OView>
</objectViews>
<connectors>
<Connector class="oracle.dbtools.crest.swingui.relational.TVFKRelation" oid="043A2490-B0CE-D32C-9BF6-4326DAAA08E2" otype="FKIndexAssociation" vid_source="37B3BB34-979D-4DF8-FA9F-6482B0009537" vid_target="53ECCE21-4F1F-1B05-F3E5-8B97721922E4">
<hideElementsInCurrentOnly>false</hideElementsInCurrentOnly>
<backgroundColor>-16777216</backgroundColor>
<lineWidth>1</lineWidth>
<points>
<point x="588" y="373"/>
<point x="588" y="321"/>
</points>
</Connector>
<Connector class="oracle.dbtools.crest.swingui.relational.TVFKRelation" oid="0C824750-5693-9959-2F4A-0BA53C6CD3D9" otype="FKIndexAssociation" vid_source="C3543AEF-6D46-EE18-EFDD-573F32236AC8" vid_target="A8965708-DA7C-8ACD-3380-3FB11E5CAF34">
<hideElementsInCurrentOnly>false</hideElementsInCurrentOnly>
<backgroundColor>-16777216</backgroundColor>
<lineWidth>1</lineWidth>
<points>
<point x="208" y="245"/>
<point x="208" y="323"/>
</points>
</Connector>
<Connector class="oracle.dbtools.crest.swingui.relational.TVFKRelation" oid="55D9E11C-3F03-7437-C2DB-B644347057B2" otype="FKIndexAssociation" vid_source="C3543AEF-6D46-EE18-EFDD-573F32236AC8" vid_target="C3266F1F-CA22-362F-0F3C-5A735090CCC7">
<hideElementsInCurrentOnly>false</hideElementsInCurrentOnly>
<backgroundColor>-16777216</backgroundColor>
<lineWidth>1</lineWidth>
<points>
<point x="347" y="92"/>
<point x="437" y="92"/>
</points>
</Connector>
<Connector class="oracle.dbtools.crest.swingui.relational.TVFKRelation" oid="CF37D9D3-8FC0-742E-5AD5-D52D45A7C7E2" otype="FKIndexAssociation" vid_source="91DDB207-346F-8A15-3338-688B121E5185" vid_target="4242FCA6-31FA-0B4A-CF10-B63B41640428">
<hideElementsInCurrentOnly>false</hideElementsInCurrentOnly>
<backgroundColor>-16777216</backgroundColor>
<lineWidth>1</lineWidth>
<points>
<point x="958" y="201"/>
<point x="958" y="132"/>
</points>
</Connector>
<Connector class="oracle.dbtools.crest.swingui.relational.TVFKRelation" oid="E60748EC-AE20-9E9F-4F9F-B5522C476074" otype="FKIndexAssociation" vid_source="C3266F1F-CA22-362F-0F3C-5A735090CCC7" vid_target="4242FCA6-31FA-0B4A-CF10-B63B41640428">
<hideElementsInCurrentOnly>false</hideElementsInCurrentOnly>
<backgroundColor>-16777216</backgroundColor>
<lineWidth>1</lineWidth>
<points>
<point x="697" y="77"/>
<point x="750" y="77"/>
</points>
</Connector>
<Connector class="oracle.dbtools.crest.swingui.relational.TVFKRelation" oid="FEEE53CB-1F16-B445-A62D-7405672A9027" otype="FKIndexAssociation" vid_source="91DDB207-346F-8A15-3338-688B121E5185" vid_target="53ECCE21-4F1F-1B05-F3E5-8B97721922E4">
<hideElementsInCurrentOnly>false</hideElementsInCurrentOnly>
<backgroundColor>-16777216</backgroundColor>
<lineWidth>1</lineWidth>
<points>
<point x="863" y="247"/>
<point x="772" y="247"/>
</points>
</Connector>
</connectors>
</Diagram>